{
  "id": "4562351",
  "name": "default",
  "font_family": "iconfont",
  "css_prefix_text": "icon-",
  "description": "emlog的默认主题",
  "glyphs": [
    {
      "icon_id": "6151277",
      "name": "cloud download",
      "font_class": "clouddownload",
      "unicode": "e81b",
      "unicode_decimal": 59419
    },
    {
      "icon_id": "29071860",
      "name": "DarkTheme",
      "font_class": "DarkTheme",
      "unicode": "e604",
      "unicode_decimal": 58884
    },
    {
      "icon_id": "1420819",
      "name": "next",
      "font_class": "next",
      "unicode": "e615",
      "unicode_decimal": 58901
    },
    {
      "icon_id": "1508318",
      "name": "prev",
      "font_class": "prev",
      "unicode": "e65f",
      "unicode_decimal": 58975
    },
    {
      "icon_id": "6835118",
      "name": "edit",
      "font_class": "edit",
      "unicode": "e6c0",
      "unicode_decimal": 59072
    },
    {
      "icon_id": "15838447",
      "name": "comment",
      "font_class": "comment",
      "unicode": "e668",
      "unicode_decimal": 58984
    },
    {
      "icon_id": "34453076",
      "name": "view",
      "font_class": "view",
      "unicode": "e847",
      "unicode_decimal": 59463
    }
  ]
}
